index,target_X,target_Y,pred_X,pred_Y,timestamp,segmentIndex,latency
0,50,52.25463403194264,496.8987004043218,496.9283809367387,35.0,0,127.10
1,50,57.64312231966337,486.4070045230992,486.58643083427233,96.2,0,116.40
2,50,64.18939565810629,417.8312748680696,419.3059708200355,170.3,0,102.50
3,50,68.5593813085482,354.4296356350498,358.45063058170024,218.5,0,114.50
4,50,73.78247173484499,198.92644543553797,208.5506357829367,279.6,0,125.90
5,50,79.04908791469425,126.90422641946614,142.76129244454205,340.9,0,128.50
6,50,85.33420673182235,20.238377272893135,39.08008948336743,412.5,0,117.30
7,50,90.90550318653891,-12.444284029536092,12.570383289422754,476.6,0,91.30
8,50,96.15470906081626,-47.152056991001025,-11.652925815767986,534.3,0,68.00
9,50,99.47137148359019,-53.132130530731345,-11.607015875283004,572.3,0,59.70
10,50,102.46594332592488,-49.49714043477343,-1.705948535254997,605.6,0,62.70
11,50,105.05137309109273,-42.954192790868305,10.41558947096275,635.4,0,66.70
12,50,108.20263765244275,-24.960428561625136,33.68871227644997,671.9,0,65.40
13,50,111.13627343565304,-19.106983181264866,38.11664723126933,705.8,0,69.10
14,50,114.55739767110383,-1.975543822369982,54.00770369154432,745.4,0,67.50
15,50,117.49103345431413,7.988338193981135,67.18230488212804,779.3,0,66.70
16,50,120.80769587708807,23.462850225881265,82.63073023269475,817.3,0,67.20
17,50,123.6803956115513,30.766490973648864,96.723829939772,849.6,0,72.80
18,50,127.02317348230578,41.20712502354743,112.58635402106556,888.9,0,72.20
19,50,130.33113075229375,44.337096546086094,115.50486396188307,927.1,0,71.00
20,50,133.6826137758342,50.15469596913314,123.16903647599933,965.0,0,69.90
21,50,136.92092984428913,52.37091762668975,129.15736892560736,1004.0,0,65.70
22,50,140.11572014881426,53.171575445618814,122.22800552169095,1038.7,0,69.10
23,50,143.1625228974874,53.27822485095163,120.57962555047617,1073.6,0,75.40
24,50,146.4704801674754,54.15606138722182,108.8748691143307,1112.0,0,76.00
25,50,150.04829711156415,54.59291799483201,116.86170995402593,1153.1,0,76.00
26,50,153.43460073587107,53.63331751266058,121.35947857627637,1192.6,0,78.00
27,50,157.0298279855318,54.012322489495126,123.28895922965054,1233.0,0,82.20
28,50,160.6337603776011,53.77741711413327,132.68609626719757,1276.5,0,80.10
29,50,164.52496274934316,53.898140230267074,134.8066125417398,1319.9,0,79.40
30,50,168.1027796830546,51.08744804691289,105.00482960748533,1360.4,0,82.00
31,50,171.83728934615868,50.46480087225306,114.37680984010188,1404.1,0,82.60
32,50,175.58920929407998,50.050745473487574,116.37802978464237,1446.9,0,84.60
33,50,179.44559106505554,50.164914720619606,137.42981541635734,1491.2,0,85.60
34,50,183.36290888477814,51.22182718965601,160.71558453738862,1536.1,0,82.10
35,50,187.28893185728668,50.949790076156,165.76971713475368,1581.3,0,85.70
36,50,190.89286424935602,51.030506108501,165.25993618222495,1623.1,0,83.90
37,50,195.14097779192645,51.304585091560774,164.48416600253816,1671.5,0,86.80
38,50,198.6317432289103,51.64419453197023,152.04756589205584,1711.5,0,95.70
39,50,203.0887803968345,52.32047465118397,145.62399698715623,1762.6,0,97.30
40,50,207.34559909219092,52.301300669081975,139.50239882357525,1812.2,0,91.00
41,50,211.94191866318116,51.77818875559403,119.49858319154126,1864.6,0,86.60
42,50,215.7025437742658,52.50234533186789,100.31350489416735,1907.0,0,86.80
43,50,219.88972126808918,51.942386846120144,128.32572680998464,1955.2,0,87.80
44,50,223.5894103200494,51.47738670998832,168.49095131045362,1997.9,0,86.40
45,50,227.87234446338638,50.789396633095414,196.60190277701517,2047.1,0,87.80
46,50,231.4588665602611,50.219440813347674,216.07779346487035,2089.2,0,89.70
47,50,235.87237796425552,49.76235375363955,218.75351594411643,2139.1,0,88.80
48,50,239.70264427687314,48.17841622826075,235.14303091645942,2183.2,0,93.50
49,50,243.9768732778015,49.68516909705485,201.5955710780318,2233.7,0,96.00
50,50,248.21628167796334,50.729785375499155,156.9478273728141,2280.8,0,95.60
51,50,252.83871670731145,50.078479226640006,171.3033658180746,2335.0,0,92.60
52,50,256.88661178769144,48.77766940268932,177.88227085385594,2380.5,0,88.70
53,50,261.3610592508103,48.42439723838956,197.46969450652077,2431.3,0,92.40
54,50,264.97369679566555,49.24461281615196,195.99437364856195,2473.7,0,96.80
55,50,269.72670908567113,49.15705683683623,217.6980576308965,2527.5,0,96.90
56,50,273.7920144612457,47.98355230691491,245.39355978206825,2574.9,0,96.40
57,50,278.5015009976987,49.406792875476704,226.47340079358696,2628.1,0,99.10
58,50,282.5755115260593,49.30107299196314,233.3387526145103,2675.4,0,102.00
59,50,287.4591010767223,50.28512496295808,242.94153566948182,2732.2,0,102.70
60,50,291.79426613677504,49.454020142084175,269.21661580348473,2781.2,0,106.90
61,50,296.82584324329,49.3171160242693,281.24883659263895,2840.4,0,104.40
62,50,301.4395731198522,50.1584182752012,276.977585192505,2892.5,0,104.80
63,50,306.3840987192622,51.23777521872883,290.852107612279,2950.3,0,106.40
64,50,310.9455976998633,51.839885274183175,283.13498678373804,3001.6,0,105.60
65,50,316.6039456616848,52.065815111759704,288.94418019351156,3066.1,0,96.40
66,50,320.5125583286214,51.74017161914742,324.75466818306484,3110.3,0,100.50
67,50,325.33521182016,51.629033598338815,333.06818759301535,3166.8,0,103.30
68,50,329.53979960917803,52.84873480751903,327.07735786476246,3215.3,0,104.40
69,50,334.7019539867277,53.08130219339926,335.0334107772243,3274.6,0,109.60
70,50,339.02841388361713,52.84080726729108,330.94445370278055,3325.0,0,110.50
71,50,344.6345309494776,52.20419115838447,338.06362339906474,3388.7,0,109.10
72,50,349.09156810702444,49.80888583818705,334.86535654114556,3439.5,0,110.70
73,50,354.5235821482977,46.78880262704055,291.2391338169313,3502.5,0,112.20
74,50,359.08508112889876,45.54490418766071,274.24306853432296,3554.8,0,115.40
75,50,364.7086084795764,41.4818241750764,260.283002481516,3620.0,0,121.60
76,50,370.044865871336,40.14893610411268,283.9716706716099,3680.2,0,116.30
77,50,375.74673958671,38.30541650145181,262.2342698637664,3746.3,0,112.90
78,50,380.5084570191242,42.72212797735672,282.78607331232183,3800.2,0,107.60
79,50,385.99270196673586,43.44717493663886,261.900200887309,3863.4,0,112.00
80,50,390.1972897661312,50.06056802075479,360.03010312415057,3912.7,0,116.00
81,50,396.09067679090964,52.51610588536738,388.79903410660563,3979.5,0,116.90
82,50,400.7305221258297,54.79273037947401,395.1839205556089,4033.3,0,116.60
83,50,406.6239091506082,54.05916422292164,407.1376537300725,4100.4,0,120.30
84,50,411.29857508629476,52.85984639556213,416.78348526883804,4154.7,0,121.20
85,50,417.4531166427654,52.14721100791625,365.9237489959479,4225.2,0,127.60
86,50,422.79807917693364,47.27902261410161,320.84899279309474,4286.2,0,123.20
87,50,428.95262072302694,44.67683615503381,279.3619833983367,4356.9,0,122.90
88,50,433.8797360272424,39.419250634468504,248.95414678021916,4413.9,0,119.30
89,50,440.01686727814115,37.22681456040242,244.7254868315929,4484.9,0,117.70
90,50,444.64800746027527,37.34067153028096,289.3916473956,4537.4,0,123.10
91,50,450.69808720406905,39.096566735071235,303.5424405351361,4606.9,0,127.60
92,50,455.74707461615594,40.57352680999854,302.7497445674339,4665.1,0,127.40
93,50,462.180180989136,47.035688488514765,355.0164065899086,4739.0,0,126.80
94,50,467.2291684012229,51.72392198300877,431.63831297694145,4796.8,0,128.00
95,50,473.6100438678646,55.28204650812333,435.1633383151152,4870.5,0,135.60
96,50,478.7373776446478,48.10896747234028,511.2801827009132,4929.3,0,135.30
97,50,485.814665168129,45.482625360221114,497.53439467359266,5011.1,0,135.70
98,50,490.90717833376834,40.53801771085742,461.04131039288126,5069.8,0,139.60
99,50,498.0715173643545,42.06040623101627,476.80000077640324,5152.4,0,130.60
100,50,503.5122365584137,46.8056166892144,504.33740978783817,5213.7,0,131.40
101,50,509.92793263619916,44.4455591785974,436.18515079525264,5287.6,0,140.50
102,50,515.3338312294918,50.73992573109195,412.86203258152347,5349.7,0,139.40
103,50,522.5591063192023,51.72626661933848,378.0844042199961,5433.5,0,135.70
104,50,527.8692482526042,56.53892455118901,364.2418335929758,5494.4,0,136.90
105,50,534.8420739737858,56.343775419558575,422.56546774061064,5574.1,0,141.40
106,50,540.2392674142925,52.75546307691609,465.93044606987667,5636.6,0,143.80
107,50,547.5690043063026,48.565232752718984,324.02485211772205,5720.2,0,147.20
108,50,553.2273522681242,51.95171593106239,338.52414214943843,5786.0,0,138.80
109,50,560.7921282334685,50.79283734355979,402.6862388423991,5872.1,0,141.10
110,50,565.7714744440224,48.986432625447776,451.86566850297453,5929.7,0,144.60
111,50,573.4755328228102,48.74238270444793,491.5123819881455,6017.7,0,149.50
112,50,578.8030850617839,50.29596804321394,615.1285816043282,6079.0,0,172.60
113,50,587.464710018726,53.36484802274715,620.4263501663585,6178.1,0,158.20
114,50,594.2373172673399,57.23409067668185,595.2689613545276,6256.7,0,141.50
115,50,601.6192850656885,54.65771849313507,603.109530437928,6340.5,0,146.70
116,50,607.0077733637866,51.76799616246576,452.5283475907585,6402.7,0,149.90
117,50,614.7553574961267,57.7167574315926,523.3143321874076,6492.4,0,146.40
118,50,620.4485260587148,52.76076853538293,376.4360042463402,6557.2,0,141.00
119,50,627.9436608225261,49.574010811801706,197.93189043610846,6643.0,0,141.40
120,50,633.1319306376791,55.915186466846976,296.24204796036884,6703.8,0,142.90
121,50,640.6270654014904,43.979199672901714,325.9733124708648,6788.3,0,146.30
122,50,646.0329639947831,42.80591930365346,471.8153060798161,6851.4,0,149.20
123,50,653.7022017728044,43.54001415233258,531.6215572649722,6939.0,0,153.50
124,50,659.438896088945,42.427327132702054,467.1361549207229,7005.0,0,155.40
125,50,667.4476347426,41.69532599763306,542.4559116419957,7098.0,0,182.70
126,50,673.3497269201644,42.34105663878684,670.3077592872523,7164.6,0,176.40
127,50,683.822023231116,44.246172484737656,555.1531791248879,7283.6,0,151.00
128,50,689.0799342581792,54.895903474500386,387.9978389464187,7344.6,0,160.70
129,50,697.4107634922735,47.257060019546394,642.8918457129957,7440.9,0,165.50
130,50,704.0266780322495,49.63277293717139,861.3714209495994,7516.2,0,160.20
131,50,712.1834042417565,55.05800755300126,812.9223358640818,7610.5,0,162.00
132,50,718.2683045863168,52.425038036580176,763.1034703042076,7680.6,0,165.20
133,50,726.6513647267496,56.1542611017707,751.2409430296636,7776.9,0,163.60
134,50,733.0235350406052,61.476440193682464,860.2671173589684,7850.2,0,154.70
135,50,741.2673127675947,51.3764953226066,762.9622668906038,7944.9,0,152.50
136,50,746.8821349758637,45.97847407389097,717.1652522638252,8010.1,0,156.90
137,50,754.9256942302853,42.19638382141245,657.2568930788041,8101.6,0,159.30
138,50,760.984479126865,41.6284116797382,648.8184796949996,8170.5,0,160.20
139,50,769.1499104891582,48.001992059548584,717.2637525160703,8265.4,0,156.40
140,50,775.2261056913098,46.85542765123776,710.9326494088448,8334.9,0,153.70
141,57.17390828584048,776,45.17547773846474,661.8409601454841,8426.0,1,155.30
142,62.98024381389136,776,47.293593159544095,695.4969532563908,8492.5,1,153.20
143,71.0499185162935,776,48.90657170224728,670.2298829522775,8585.2,1,150.80
144,76.66474072456256,776,58.7217856437953,793.6122781451753,8649.9,1,148.10
145,84.51678666957969,776,57.42799678413539,838.6254779885948,8739.6,1,149.20
146,89.91398011008637,776,65.72667391355161,791.7470901979074,8801.7,1,155.00
147,97.81825695106458,776,77.04297994546724,792.991089120853,8893.0,1,162.00
148,103.72034913900637,776,88.64536826086947,766.6493393249134,8960.8,1,164.80
149,112.27751228327168,776,101.11901788781114,810.8040957633062,9058.8,1,164.70
150,118.42334868695637,776,103.61236228735606,797.2190981096705,9129.6,1,160.60
151,126.94569123045518,776,105.84745381274884,822.6562726459896,9227.5,1,160.90
152,132.75202675850605,776,100.568147524098,717.052739621619,9294.7,1,156.70
153,141.30918990277138,776,109.06972550748145,731.015379105986,9392.1,1,161.30
154,146.78472969759704,776,106.1563693487339,633.7877790530564,9455.7,1,179.50
155,155.6813937278735,776,112.55695559724536,702.7146429129101,9558.6,1,178.90
156,162.78479670971262,776,113.411173626511,688.7737850017945,9639.0,1,168.50
157,171.69887103518369,776,95.60329353603683,702.5559789766014,9741.4,1,163.80
158,177.783771379744,776,81.00151323861958,682.9068478794919,9811.6,1,165.60
159,186.2974087808342,776,77.84203709167815,657.1646674213794,9909.4,1,169.60
160,192.5564121396044,776,60.113763964831634,650.0862275426957,9981.8,1,172.90
161,201.42696071152295,776,70.66802365517783,571.0999529181365,10083.6,1,178.00
162,208.0080546507324,776,72.2043253109718,557.3697143132675,10158.7,1,176.10
163,217.31386075817574,776,73.6204422194371,540.8087627478662,10266.2,1,178.80
164,223.68603108240873,776,70.99032017012607,588.387576015682,10340.0,1,177.60
165,233.2878123119334,776,92.10365892437883,681.8104137876568,10449.6,1,173.20
166,239.59904657704203,776,111.85101531206548,657.2918724973218,10521.8,1,176.00
167,248.765570271042,776,147.97636901673877,760.6520762663024,10627.0,1,176.30
168,255.29443330391297,776,144.78917242038278,794.2685030423137,10702.5,1,167.90
169,264.47836730348484,776,150.90502919823425,785.6439614130371,10807.7,1,168.60
170,270.3195234323022,776,169.06978933899163,799.8632620412486,10875.4,1,173.10
171,279.529572890232,776,220.54006130276474,754.3829567427998,10980.6,1,176.80
172,285.8146916969827,776,276.5079824392139,784.726133005072,11052.3,1,180.80
173,295.3033059714219,776,339.7234272656324,772.4877898592102,11162.6,1,195.40
174,301.8931050634173,776,393.45822094141477,786.8142726050638,11237.7,1,196.30
175,312.7571331459637,776,374.9276130714406,733.7312745345554,11362.3,1,179.00
176,319.39045799151154,776,346.6940427172611,747.5541154836415,11438.7,1,180.30
177,328.80072591163173,776,326.65917223226074,760.6623148218208,11546.7,1,184.70
178,335.4862816531407,776,258.6177827223562,769.7880593398897,11623.3,1,185.70
179,345.2534607544667,776,291.7613885633744,762.7695784663867,11735.7,1,187.00
180,352.0260680030806,776,308.7113623921999,732.5742716758274,11813.6,1,185.40
181,361.9238243650639,776,343.2219056993767,753.1531692916224,11927.6,1,188.80
182,368.5658543530204,776,352.5555626455411,704.2416705290262,12003.3,1,191.90
183,378.7769961322797,776,304.07558353368165,659.4198464182073,12120.5,1,187.00
184,385.6366548983759,776,239.46925711115603,612.1473406260808,12199.9,1,181.90
185,395.42124429489644,776,244.88822134414252,624.0831984736716,12311.8,1,179.00
186,401.8804661262344,776,322.4650761822999,620.7197238136428,12385.5,1,181.50
187,411.37778554308227,776,338.3581325788574,594.68177197609,12494.9,1,187.70
188,418.01981554141605,776,429.6659472912685,751.438452847369,12571.1,1,191.20
189,428.0655594592514,776,413.9783819805861,805.7534811826922,12686.5,1,190.90
190,435.0035645796666,776,389.5623001386851,780.2941886405538,12766.7,1,186.50
191,445.03189819193,776,372.7290143451811,760.7617145706422,12881.8,1,193.80
192,452.12659602098313,776,296.79884823044307,658.4447188036825,12962.4,1,191.80
193,462.2855069042814,776,286.6211663199476,615.4770520625169,13080.6,1,195.70
194,469.1277553648057,776,282.1743951272678,571.3203530373523,13159.2,1,196.40
195,479.7480392316092,776,350.09831864510465,631.782605989847,13279.9,1,193.10
196,486.65992889366646,776,444.84648863148243,712.3515448041771,13360.1,1,192.70
197,496.8797758257117,776,483.9279237304452,693.1448087491933,13478.1,1,193.00
198,503.83519124132147,776,416.96641098172574,631.975426134758,13557.0,1,200.00
199,514.1246793852772,776,440.39649993046294,658.0076485413078,13675.6,1,200.20
200,521.6024038435166,776,443.3792627248666,658.8304515842531,13762.0,1,193.70
201,531.9441228834332,776,443.2836585478827,693.7658071830471,13880.2,1,195.70
202,538.8995383094204,776,522.8034021110021,790.7200331291366,13960.1,1,196.90
203,549.3544243044225,776,539.7384068043433,778.2622043187678,14080.7,1,196.30
204,556.4230066854951,776,565.3560074115778,783.5244154335928,14161.8,1,193.10
205,566.8691875380888,776,530.6443460650132,726.8664035955806,14281.6,1,192.70
206,573.6417947867027,776,522.29132577895,649.9472114017078,14358.9,1,198.10
207,584.0444498857438,776,543.5091006945903,675.1217549318199,14478.4,1,200.00
208,591.2436095274738,776,579.3845436492189,611.375525731876,14561.5,1,202.70
209,601.8116624879389,776,576.213231042303,655.6182660843604,14682.3,1,206.70
210,609.2719766509837,776,549.5546317873096,615.5820328955837,14768.9,1,201.40
211,620.1272995807442,776,567.2386760955051,604.8371883402017,14893.1,1,200.00
212,627.2219974097974,776,576.9794657486617,615.9042770984171,14974.4,1,201.50
213,637.8945121829393,776,455.3115962109727,576.0194671600029,15097.1,1,208.20
214,645.1197872726498,776,492.8832215706059,627.60840419757,15179.9,1,206.50
215,656.3755471475458,776,533.9940570079451,665.8490320783947,15309.3,1,204.50
216,663.4354243654551,776,550.1281339345488,698.246950050508,15390.5,1,205.90
217,674.5344915213358,776,603.1854070659439,753.3000091475438,15518.3,1,204.80
218,681.7162408574939,776,638.3620205095864,791.5682079014492,15600.5,1,205.50
219,692.7369616590556,776,680.6136749162413,811.8997398514505,15726.6,1,206.20
220,699.9622367487661,776,735.3089616799796,860.6511133566793,15810.4,1,204.60
221,711.0003678558998,776,729.0829758720936,862.8252977137855,15936.7,1,204.90
222,718.1560017336999,776,623.423566283933,803.523561502822,16018.9,1,208.90
223,729.1680173824758,776,637.155985381951,799.1866577687279,16145.9,1,212.30
224,736.680562451859,776,453.3068947527075,539.340865369084,16232.4,1,212.10
225,748.0233738234826,776,443.21545201288563,488.13267437062046,16362.7,1,242.90
226,755.5446240352745,776,418.8535324830203,464.3433221995306,16449.2,1,248.50
227,768,774.4226730152571,501.6527386153807,562.7060634216277,16610.4,2,228.50
228,768,766.4139343616021,543.6993581720492,590.8959074266818,16702.0,2,221.60
229,768,754.113556411824,572.6566494277928,650.7201912050023,16842.7,2,215.80
230,768,746.74899890867,660.8622808675857,710.2469081259127,16926.9,2,218.70
231,768,735.0057506022882,722.003602777814,755.1815503303462,17062.7,2,216.50
232,768,727.423564331372,709.1384055316248,777.859178006383,17149.6,2,216.90
233,768,715.7934829800756,742.2255906141661,779.741888774819,17283.2,2,218.10
234,768,708.1851812611787,784.6524032834395,754.6177807521345,17370.8,2,219.50
235,768,696.4593432499914,786.6712674690938,721.098269048596,17505.3,2,225.20
236,768,688.6769385168848,702.1579924460215,625.7495931510636,17595.4,2,216.90
237,768,676.5158429805501,701.0407830693425,668.9300172655072,17734.8,2,213.00
238,768,669.3776193979445,640.4260521081708,662.7303088340684,17816.5,2,221.60
239,768,657.5908453276329,603.3478427171614,603.5926778001442,17952.0,2,227.30
240,768,649.7213890874211,553.1297187441867,531.9710786999585,18043.6,2,231.20
241,768,637.4384214328377,626.8844538413434,526.1217993218404,18184.1,2,231.00
242,768,629.1162973619067,664.8763747663756,575.2829057256337,18278.9,2,225.10
243,768,616.9029709088563,692.9819230953565,567.485841807118,18419.5,2,220.60
244,768,609.181502234874,691.4797800300014,550.0607138191954,18507.7,2,226.10
245,768,597.3163818102432,746.5403425830243,590.2652302209333,18644.5,2,230.10
246,768,589.1683607431448,547.5567015245709,487.96933070345585,18738.5,2,225.90
247,768,576.9115085469193,517.7793348757821,457.33185084859423,18878.9,2,222.50
248,768,569.1029883554546,511.9393436412382,462.777869862808,18968.4,2,223.40
249,768,557.1682267396684,547.7799948441432,496.71086007915244,19105.5,2,226.00
250,768,549.2813601938847,647.643238062547,589.0785218169069,19196.4,2,226.60
251,768,537.1463801055306,609.4450041125189,601.0459620714618,19335.8,2,233.20
252,768,529.1550517470702,642.1444993056682,665.502115334975,19428.1,2,231.20
253,768,516.4629420153199,704.2843439081793,668.8054366642776,19573.4,2,228.80
254,768,508.6021909175168,705.6096473664848,666.8751146371817,19663.7,2,229.40
255,768,496.1625305542954,680.7800814730734,652.0862211732001,19806.2,2,229.30
256,768,488.2495485605312,670.5453496870549,614.5686589748476,19897.0,2,233.10
257,768,475.85341395086226,729.8073320133828,611.0982454228403,20039.5,2,238.50
258,768,467.61834137665886,787.686842431993,587.0893097701628,20134.4,2,239.80
259,768,454.75212863069873,762.2749341158438,615.7466320078901,20283.1,2,239.20
260,768,446.36906849026593,797.6556984099226,602.2830900672383,20379.3,2,233.70
261,768,433.4680351435393,820.9706341289046,607.6065431689509,20526.9,2,228.40
262,768,425.5811685977556,859.5219076565443,531.9245435186488,20617.6,2,229.70
263,768,413.1937391304953,847.7596603433129,490.73745570400797,20759.4,2,236.00
264,768,405.19370562962615,791.4529686685764,411.9640315828577,20851.6,2,234.70
265,768,392.2926722828995,783.5695245499594,429.41891745449186,20998.8,2,235.30
266,768,384.3883954315439,624.9964146412987,522.1174073343088,21089.8,2,240.40
267,768,371.5134775327978,653.2449164478902,505.80606185299905,21237.8,2,242.80
268,768,363.15653285072295,704.4496276517748,571.4446703788311,21334.9,2,244.10
269,768,350.04657587864256,770.5094127434955,611.9842222059702,21485.0,2,241.70
270,768,341.49811788716323,702.4250871320535,592.556208685518,21583.2,2,238.90
271,768,328.62319997803974,700.7924868046564,517.3744357760359,21731.2,2,255.40
272,768,320.33589650787525,687.3105487319935,443.0630495490876,21826.2,2,255.70
273,768,306.0072184363255,707.4159825123547,432.0561047467786,21991.7,2,244.70
274,768,297.65027375425063,644.283049835508,357.08047463631203,22086.7,2,248.50
275,768,284.26175196566084,646.9749280631613,304.1710246754561,22240.9,2,249.40
276,768,275.6610630574657,724.433389240115,384.2954150536174,22339.5,2,245.90
277,768,262.15937430341296,662.0353708705146,316.85468190758627,22495.1,2,249.40
278,768,253.8894811284431,737.6196071237846,411.9482044220397,22589.5,2,255.00
279,768,240.022176050776,703.0239884690054,380.84485786387165,22748.8,2,249.60
280,768,231.32573049306734,643.3132804320641,182.11318641077872,22849.1,2,246.60
281,768,217.91979839890553,676.4048512325334,187.59804510314996,23002.2,2,252.20
282,768,209.4583919041538,642.5830516514905,300.53032437264255,23099.5,2,257.10
283,768,195.64331773282527,572.3375846622021,326.0081005147003,23258.6,2,250.40
284,768,186.75535885533475,589.4573360072153,371.71459386077436,23359.3,2,249.10
285,768,173.45388856347245,574.3363694155848,449.80143034311664,23513.9,2,252.70
286,768,164.82708421767416,598.7746364562669,517.9922750949335,23612.9,2,253.80
287,768,151.04683063673463,666.0562808067907,482.3230350801613,23771.2,2,256.60
288,768,142.332974773454,724.9393687194561,449.2548189514078,23871.0,2,251.30
289,768,128.3263872823436,740.8129007693863,468.8157835248617,24031.3,2,252.70
290,768,120.08260956573156,669.93902657728,468.38029364358994,24126.4,2,258.40
291,768,106.00638086271078,669.3706661270157,375.3227012420903,24288.2,2,257.70
292,768,97.23158895068309,685.7359827669975,335.8172802679306,24388.9,2,255.40
293,768,83.22500144919525,661.5550069631026,261.19482306778593,24550.0,2,255.40
294,768,74.6417228569494,654.0387401308473,257.0222735447531,24648.6,2,256.60
295,768,60.62643021305303,674.7262504193529,194.33044217390233,24809.7,2,257.60
296,768,51.92998464496702,692.7593099282922,145.014886005647,24909.7,2,257.20
297,780.1723595060344,50,664.3576942271978,148.5319371505518,25071.5,3,256.90
298,788.8513947581711,50,597.1490743951704,166.4002918574228,25171.2,3,260.70
299,802.901508002834,50,632.9906584617469,166.15856774393055,25332.3,3,261.10
300,811.920044140982,50,675.8292122540479,107.10722504852586,25436.0,3,258.30
301,825.9788625384308,50,734.209688402052,46.014300059399154,25597.6,3,263.10
302,834.7623596032445,50,765.5964924042402,24.934999315192073,25698.8,3,266.00
303,849.2390252410235,50,822.7591513082688,79.31718431341241,25865.5,3,272.70
304,858.3097922751325,50,919.265132376936,103.7929105769863,25969.3,3,269.00
305,873.3958184626462,50,939.3285345338941,50.122514880967586,26142.4,3,262.70
306,882.1183794683354,50,965.9791822880029,44.81369153121264,26242.7,3,268.10
307,896.621160554095,50,987.8783831835896,100.7555672202023,26409.2,3,271.10
308,905.8225048592387,50,949.0672603748994,140.0883376211313,26515.1,3,269.80
309,920.5951456087219,50,893.9031673471932,258.98421929031315,26684.6,3,270.00
310,929.7094384067607,50,897.4857484826873,299.5651572898925,26789.5,3,268.40
311,944.4646688610491,50,761.1577464667283,300.4017455843382,26959.0,3,285.40
312,953.4657946936251,50,732.1599743956106,279.3986579840073,27062.1,3,287.00
313,969.6921956159116,50,602.9247004613909,252.38666020134474,27247.4,3,275.10
314,978.8064884139505,50,595.7818507045808,251.73373494959566,27353.7,3,268.90
315,993.8925145910868,50,658.7590343503127,108.58929410064627,27525.9,3,267.40
316,1002.6237807599393,50,693.2978726432926,204.1059999703719,27627.2,3,274.70
317,1017.4660627213327,50,768.5190371718729,182.50164421221513,27796.9,3,281.00
318,1026.928561537414,50,985.1547035330095,109.5974253980431,27906.5,3,281.90
319,1042.240921645476,50,852.7095014439826,57.48006219567533,28082.0,3,290.60
320,1051.8688183229813,50,980.7403380365388,65.41375006337067,28192.5,3,287.10
321,1067.9037059358634,50,1008.1458793880033,113.299418167949,28377.3,3,277.00
322,1077.2269223488786,50,1086.343882046971,165.44814269405316,28484.2,3,279.30
323,1092.4174103386918,50,1090.9057370444718,143.82948092056048,28658.4,3,279.70
324,1101.9321400611116,50,1082.1992114488814,105.34403695989496,28767.3,3,273.20
325,1117.1400383564965,50,1152.4300557985628,64.62929242524856,28942.2,3,278.10
326,1126.0454075291816,50,1052.684165948904,80.48305474433249,29043.9,3,286.50
327,1141.6972685128774,50,1081.638045706986,94.85548084086938,29225.2,3,280.80
328,1151.2729342944217,50,1115.1111377968584,-27.896234830739452,29334.5,3,282.00
329,1166.5678840865344,50,1120.3890230362529,69.53365034160352,29510.1,3,285.90
330,1176.1783704688448,50,1117.2916028513375,115.97208102426217,29620.6,3,287.80
331,1191.8128211469689,50,1099.9024756998454,89.19178287394676,29800.9,3,301.00
332,1201.5887054010807,50,1138.3864080786748,70.32866950733263,29912.5,3,297.90
333,1218.4418771682965,50,1163.4906835468844,45.86919986453648,30106.1,3,296.30
334,1227.8782605467745,50,1160.0102349417857,86.62055089017474,30214.9,3,300.30
335,1244.600855053333,50,1230.190537942544,30.470558751701546,30406.6,3,295.80
336,1254.4115599082113,50,1148.4872589107335,23.98716033067431,30519.8,3,292.20
337,1270.716307184817,50,1192.6228026706474,25.83343886229851,30706.7,3,293.30
338,1280.2571523655945,50,1209.5116527411396,55.11058969438642,30816.2,3,294.50
339,1296.6228357013244,50,1194.8768001964527,80.37342425623947,31004.6,3,292.70
340,1306.2681426947788,50,1205.050609823566,92.19436998911969,31114.8,3,297.40
341,1322.5032487698516,50,1185.3280830656458,41.60978858834338,31301.7,3,296.50
342,1332.522877229329,50,1247.7121787209321,97.40739207035809,31416.6,3,292.50
343,1348.6970472556545,50,1238.8666320006284,68.0758718904759,31602.3,3,289.40
344,1358.3423542387316,50,1303.944128310574,8.084917781992033,31713.7,3,295.80
345,1374.2553697437422,50,1350.3465928075684,12.711883369638686,31895.9,3,299.80
346,1384.4926269709822,50,1327.6766854886773,70.39850646967537,32013.8,3,298.30
347,1400.71032275086,50,1383.4376455428173,60.332457314924916,32200.2,3,303.50
348,1410.8431181758003,50,1418.3576385033375,53.565504530366226,32316.6,3,299.80
349,1427.5221869391835,50,1424.6006768243058,16.60026435923338,32507.5,3,309.30
350,1437.324186641276,50,1444.168593947713,-18.515852928849476,32620.4,3,310.80
351,1454.7780138158178,50,1450.138101450387,28.739979014209712,32820.1,3,305.60
352,1464.7367062265482,50,1404.39151300376,8.214542357783326,32935.2,3,301.20
353,1481.6769295112463,50,1401.897389168759,64.94094846655688,33130.0,3,300.80
354,1486,55.304826188751534,1379.3295549942816,126.18092395426498,33240.4,4,308.10
355,1486,72.22763917825503,1376.80436824135,116.72254443512912,33434.9,4,306.10
356,1486,82.47360155828082,1336.0936618745368,136.3150362831979,33552.6,4,305.60
357,1486,99.239721828769,1374.8342414086867,179.4371835961518,33745.4,4,299.80
358,1486,109.44215846561968,1446.837017078731,145.15290175399934,33862.0,4,300.40
359,1486,125.72079029424471,1437.3258300036673,136.81618484816494,34049.0,4,309.30
360,1486,135.91452176793206,1339.5590878128025,130.01270408770043,34166.7,4,308.80
361,1486,152.97661716050158,1283.6757545304029,106.89345457975834,34362.5,4,306.20
362,1486,163.17905379735228,1274.5859877787464,125.03912621295234,34479.6,4,306.00
363,1486,179.9886998213929,1349.4088838446364,87.3924945087519,34672.8,4,307.00
364,1486,190.1737261526717,1369.433656308221,124.53475162469724,34790.0,4,308.70
365,1486,207.0704236838173,1444.3860301042942,138.34985561041162,34984.3,4,306.90
366,1486,217.42084787651996,1458.8766581328368,220.73566538674038,35103.1,4,306.30
367,1486,234.17826299422217,1473.5921142527063,241.97130834480208,35294.6,4,310.10
368,1486,244.48516143337238,1467.3554182466792,250.63916828583734,35414.0,4,308.80
369,1486,261.4776156244089,1464.5202756671254,244.91259361399852,35609.3,4,311.80
370,1486,271.7496934627926,1530.4562916546195,237.0630529841949,35727.4,4,307.50
371,1486,289.01200731755256,1527.5837174806286,256.0915369976607,35925.0,4,313.00
372,1486,298.9097636795359,1497.6443171059852,291.3372946113124,36039.2,4,320.60
373,1486,316.59862991703466,1464.101307896613,305.5225666613796,36242.3,4,320.90
374,1486,327.2015034886436,1455.1623369838476,281.3774665439268,36364.0,4,318.00
375,1486,344.8990748789283,1451.5590677960527,292.0720559512143,36567.1,4,317.80
376,1486,355.240793918845,1465.954080887083,320.71076995085434,36686.3,4,318.20
377,1486,372.9122498611491,1422.0963287807479,368.09358625814633,36889.0,4,315.90
378,1486,383.3236101129762,1430.3187130280417,377.54548828326404,37008.5,4,315.40
379,1486,400.76873213473203,1415.487715978699,377.62329244339793,37209.1,4,316.80
380,1486,411.11915633781206,1374.182763271025,366.2027779046157,37327.8,4,321.20
381,1486,428.7122659154199,1340.790469050053,384.2162400154586,37529.9,4,332.00
382,1486,439.8113330713006,1320.4481627024873,353.4616106146631,37657.4,4,327.50
383,1486,457.961572302682,1365.6730592107915,370.8863667269733,37865.9,4,330.20
384,1486,468.6602025341818,1406.3663873647731,359.8956241195796,37989.1,4,336.60
385,1486,487.07159628687793,1421.9780817967937,389.18302620315563,38201.2,4,345.50
386,1486,498.32735615139666,1445.3281856088897,422.5822658358287,38330.0,4,343.40
387,1486,517.5744443743757,1463.3923906460009,402.31668150124875,38550.0,4,331.70
388,1486,528.6561012246846,1455.1245600498046,434.09941280647934,38677.9,4,330.20
389,1486,546.7366992545328,1433.759436421989,448.0614102813091,38886.3,4,330.70
390,1486,557.7400097505226,1420.5862732620021,458.98256720176994,39011.9,4,332.80
391,1486,575.9337747354565,1426.929249154247,472.9486311925219,39221.2,4,334.30
392,1486,587.0328418913372,1417.0322476879803,500.03151217677816,39348.7,4,336.20
393,1486,605.392004737695,1444.675600434735,532.8489678333235,39560.0,4,344.00
394,1486,616.647764612591,1340.5434446986774,629.256684007975,39688.9,4,346.10
395,1486,635.7294549637688,1354.05696931522,647.3055049236883,39908.0,4,342.80
396,1486,647.1332023945168,1325.8781008713172,609.2281908728747,40038.7,4,342.70
397,1486,665.9276227763993,1368.4674795264102,661.2995903490885,40255.0,4,346.10
398,1486,677.2878444535949,1217.080747063356,769.6382115220806,40385.6,4,349.40
399,1486,696.4130605687026,1118.153886369512,852.0124887503075,40606.1,4,345.70
400,1486,708.0605522151934,1140.7018824530392,879.6029933968044,40739.2,4,342.00
401,1486,726.9420241145583,1175.806824669581,902.0161834497077,40955.7,4,342.20
402,1486,738.1890788262909,1265.2443257507518,837.9755793530436,41085.4,4,340.60
403,1486,757.0705507152784,1312.0238045054452,819.5110997881501,41301.9,4,336.60
404,1486,768.2131436247115,1360.2724556459968,771.160155627946,41430.2,4,339.40
405,1476.4251230476716,771.1592195909537,1341.6591244272447,759.007145993892,41643.2,5,340.70
406,1466.2636182344318,766.021857129664,1390.544035216799,737.3455683466719,41774.5,5,342.50
407,1449.5996825827917,757.5970540077345,1406.5093429332253,753.8401504048522,41988.1,5,344.20
408,1439.267265605318,752.373283307424,1437.7636266835575,801.6845815384045,42121.4,5,340.90
409,1422.5256426079827,743.9092037140637,1433.4273396497845,754.3248781471775,42336.6,5,345.70
410,1412.4340563947553,738.8071900714432,1390.1633202731953,734.3221854577603,42466.3,5,342.30
411,1395.3428403417913,730.1663663566437,1399.8541212163555,752.6133555575499,42686.2,5,340.60
412,1385.538697320602,725.2096756648726,1345.6459491630987,676.6610366188777,42813.0,5,344.60
413,1368.5717810226026,716.6316943052991,1290.9718355421344,709.6357174657455,43032.2,5,345.60
414,1358.4180449365235,711.4982594874068,1247.5133443894797,677.8848547488847,43162.5,5,344.00
415,1341.3035226835552,702.845652833051,1216.009024675334,663.3612468082475,43382.3,5,345.40
416,1331.3206987617102,697.7986262541795,1280.9617475341988,639.6511554394353,43510.2,5,349.00
417,1314.1284891537855,689.1067431237105,1401.495883948959,621.1139222184279,43732.1,5,348.20
418,1303.9126031948547,683.9418871305463,1423.6823816596846,637.3078406619848,43863.7,5,366.90
419,1286.7359310597735,675.2578592962365,1372.850647868254,649.851459624106,44084.5,5,387.00
420,1275.0595230054755,669.3546056420441,1293.8447277968921,648.162080060962,44234.5,5,369.00
421,1256.3446414293321,659.8929036752751,1262.7740455220312,651.9426310784501,44475.4,5,352.60
422,1246.105449261136,654.7162647378724,1215.746126598037,682.4295629052929,44607.5,5,360.60
423,1228.6491026889607,645.8908416101569,1223.8359605470498,677.9529729784126,44831.8,5,357.80
424,1217.7728742916197,640.39213560983,1211.247945163631,686.4009906719161,44972.1,5,353.80
425,1200.5495897472692,631.6845418917253,1214.4001527235573,698.0786947680732,45194.3,5,361.10
426,1189.9763419962878,626.3390141290424,1129.1523065536485,599.9655047999862,45329.5,5,362.10
427,1172.131558695636,617.3172086441725,1125.3279188685708,621.4726167984832,45560.0,5,353.30
428,1161.5660796810762,611.9756085295692,1133.7613811073631,638.4349454503243,45695.6,5,352.00
429,1144.3272576731433,603.2601595199875,1094.875337124909,590.3048363109257,45917.8,5,357.20
430,1133.9016158771308,597.9892570520869,1027.9779448484549,616.7033975760569,46051.5,5,358.30
431,1116.2355134678737,589.0577874496353,1027.607068769233,600.0133708832145,46279.4,5,360.90
432,1105.7710279990133,583.7672467460193,958.4004305264632,550.8577954373194,46414.2,5,364.60
433,1087.8563260798269,574.7100924331158,1011.5800712963935,545.8533168955814,46644.4,5,361.70
434,1077.1043974374506,569.2742287880149,1030.0836628326392,588.3925389880952,46783.3,5,356.20
435,1059.4382950281936,560.3427591855631,990.7580837752016,547.4743302254515,47010.0,5,372.90
436,1049.0825718507158,555.1072055456962,954.2049969264729,588.7367047129225,47143.8,5,381.60
437,1030.1501657010688,545.5355294561114,920.0496726574613,605.2595902539109,47387.2,5,374.10
438,1019.0952564123331,539.9464875733662,902.8768199620852,579.3479703832173,47529.1,5,362.50
439,1000.768811555405,530.6811679590696,911.7355091978166,580.18722430447,47765.4,5,359.30
440,990.6539191514347,525.567371381575,956.9818571224217,590.6827159067449,47896.7,5,367.20
441,972.5372301315882,516.4080982420146,910.9362861234085,595.2195804555679,48128.5,5,373.30
442,961.7309203435209,510.9447410650391,853.083332790476,602.3997632614568,48267.8,5,367.30
443,943.2413320680416,501.59694086448343,889.884252847288,608.1496954988017,48505.9,5,360.60
444,932.8933776269854,496.36531487269593,844.435046361818,641.3694622509075,48637.9,5,370.40
445,914.916525834947,487.27673938452057,817.7894042272904,612.928473544734,48870.3,5,372.80
446,903.9004602097981,481.70733573280876,825.6759786114878,649.594751416307,49012.5,5,369.00
447,885.6439339714045,472.4773649465457,860.9249365794446,620.4786718953127,49247.2,5,374.40
448,874.9075428018718,467.0493565976037,832.3396571321061,577.8226606255298,49385.8,5,381.60
449,856.2470423621584,457.6151481580272,916.7356245945153,484.5104720566617,49626.8,5,372.60
450,844.9202273634893,451.88863862527387,820.0795341283421,480.30486258959786,49771.3,5,370.30
451,826.8889944257598,442.772569605224,816.5192002138195,498.8666529976685,50004.1,5,374.70
452,815.8573913370285,437.1953106620353,894.0832872733293,518.7675901777658,50145.7,5,374.20
453,797.4221841979792,427.8750039886719,821.7300783945198,507.19912762806257,50382.3,5,380.30
454,786.4449622549388,422.32523857735765,771.1109238889867,538.9551231507871,50524.4,5,375.40
455,767.6057809238307,412.8006942553629,774.369417747179,486.7502044359693,50766.7,5,372.30
456,756.9470770907321,407.4119623731696,673.0902494066012,431.8545173927618,50904.4,5,377.80
457,738.364264005975,398.017030409706,658.6830635323041,382.29724614611996,51143.9,5,378.60
458,727.2394360987049,392.3926396989274,561.6966415490712,373.71728243784145,51286.0,5,376.40
459,708.5711669318307,382.9545036159534,582.922011865419,397.943397641807,51526.7,5,377.00
460,697.7182447344941,377.46758055518296,629.8931381753129,402.61963579739177,51666.3,5,379.30
461,678.956750749081,367.98231270461895,638.1446014905305,406.0431197453284,51907.8,5,379.20
462,667.9406851331931,362.41290905758933,595.5320271228616,368.41706292966114,52049.6,5,378.20
463,649.1791911477803,352.92764120702543,560.4239243991752,361.2812363893307,52291.3,5,388.30
464,638.2408128683265,347.3975140267445,375.1361555496231,360.00453632456197,52432.5,5,380.80
465,618.6713704895349,337.5037708742356,396.47881873848206,370.2346103876573,52683.6,5,371.00
466,608.3078785756351,332.26428958628907,534.8448784280895,384.5684043982045,52817.6,5,379.70
467,589.5386158538004,322.7750940876456,586.945230160883,327.3966234215348,53058.3,5,399.90
468,578.4604003557997,317.17426926066196,680.6326447708798,259.2207373443183,53201.6,5,401.40
469,558.1762344021679,306.91918257379797,654.106583129222,272.48535002544634,53462.9,5,391.90
470,546.9504129491983,301.243732452032,753.5030354853596,345.37939320981565,53607.8,5,395.40
471,527.3809705611454,291.34998929484095,699.6654953075632,333.75617862560676,53858.9,5,390.20
472,515.8599371982381,285.5252885835103,638.9804493268623,278.08550887903147,54006.9,5,388.80
473,496.7488501571962,275.86327661150733,651.1065822571054,265.3871584355904,54254.0,5,387.90
474,485.36765401283617,270.10927354687954,535.2879701529899,196.8468544844574,54399.5,5,388.10
475,466.2177232989467,260.4276233391611,537.6530925707102,189.13030567661232,54648.2,5,382.20
476,454.92198323670345,254.71682439404367,442.6576254294335,165.3835435818416,54791.9,5,383.60
477,436.0517269691695,245.176569484413,415.04038810499435,176.0918087770487,55035.1,5,393.40
478,424.7870618433519,239.4814811269315,284.7111947925835,206.05376962049516,55179.5,5,390.20
479,405.1243946460215,229.54060620683265,216.7897877656186,222.10587701759636,55432.9,5,390.60
480,394.1627101665638,223.99869608699532,388.10927820689574,346.41292162820423,55573.8,5,394.50
481,374.43789309638146,214.02639999162454,415.16327025454865,432.09635201068045,55827.8,5,386.60
482,363.19653417056816,208.34309457369955,275.43972767747306,380.86347779386085,55971.6,5,383.70
483,344.0699096659441,198.67322731021966,143.0815998721632,331.9900595154199,56218.2,5,391.60
484,333.12376265006856,193.1391724818592,130.48920703932598,305.11207326902405,56359.5,5,400.70
485,313.3601019070386,183.14723815077298,135.28551538164476,285.0926915298927,56614.3,5,398.50
486,301.66815637989725,177.2361292004216,125.20266979349896,229.45970342995417,56764.6,5,398.00
487,282.0443328554145,167.31489251603819,153.16925430220692,207.13590257582175,57017.1,5,401.30
488,270.4067684739641,161.4312770975613,56.51123090062149,308.55713204010794,57167.0,5,407.70
489,250.53434544881293,151.3843557074082,114.42677518342555,265.4858448551165,57422.8,5,407.10
490,238.39958204750405,145.24937086802777,-1.6698229554249622,235.94590772789843,57578.8,5,399.30
491,218.5660026952005,135.2220877135902,60.24913257634498,203.9339000588608,57834.5,5,401.10
492,207.05273805945376,129.40131464565695,70.16191076421376,124.48861294659321,57982.2,5,396.80
493,187.056015279338,119.29155090027803,104.61589306402686,108.5859411712979,58239.7,5,394.10
494,175.9156499084852,113.65930489802247,163.15025237651884,148.83657369241553,58382.9,5,402.30
495,156.11314548334667,103.64773232653874,144.50918671951828,190.80016344601597,58638.1,5,411.30
496,144.35128134693173,97.70127455283591,145.17095682732943,201.36371197280528,58789.8,5,422.60
497,123.81851588337054,87.32050315552021,82.59396041020125,140.05362959806482,59053.8,5,415.60
498,111.17101599862053,80.9262936037594,118.18110240549666,103.14228097223318,59215.5,5,404.30
499,91.20536815493051,70.83224044601639,107.13806194306376,97.88417967284565,59473.3,5,406.00
500,79.52119136421084,64.92505914374442,112.31617303135941,105.51797776096343,59624.1,5,404.50